title,content,author,published_date,category,source_url,tags
"Revolutionary AI System Transforms Medical Diagnosis","A groundbreaking artificial intelligence system developed by researchers at MIT has achieved a remarkable 95% accuracy rate in diagnosing rare diseases, potentially transforming medical care for millions of patients worldwide. The system uses advanced machine learning algorithms to analyze medical images, patient symptoms, and historical data to provide rapid and accurate diagnoses. Dr. Elena Rodriguez, lead researcher on the project, stated that this technology could significantly reduce diagnosis time from weeks to mere hours, especially for complex cases that typically require multiple specialist consultations.","Dr. Elena Rodriguez","2024-03-15T09:30:00","Technology","https://techtoday.com/ai-medical-breakthrough-2024","ai,medical,healthcare,innovation"
"Global Climate Summit Reaches Historic Carbon Agreement","World leaders from 195 countries have reached a landmark agreement at the Global Climate Summit in Geneva, committing to reduce carbon emissions by 60% over the next decade. The agreement includes specific targets for renewable energy adoption, forest conservation, and industrial transformation. Environmental scientist Dr. James Chen called this 'the most ambitious climate action plan in human history,' while noting that implementation will require unprecedented international cooperation and investment of over $2 trillion globally.","Sarah Mitchell","2024-03-16T14:45:00","Environment","https://greennews.org/climate-summit-agreement","climate,environment,policy,sustainability"
"NASA's Mars Explorer Discovers Evidence of Ancient Water Systems","NASA's latest Mars exploration mission has uncovered compelling evidence of ancient water systems on the Red Planet, including dried riverbeds and mineral deposits that suggest Mars once had flowing rivers and possibly oceans. The discovery was made by the advanced rover 'Perseverance III,' which used sophisticated ground-penetrating radar and spectroscopy tools. Mission director Dr. Amanda Foster explained that these findings significantly increase the likelihood that Mars once harbored microbial life, making it one of the most important discoveries in planetary science.","Dr. Michael Thompson","2024-03-17T11:20:00","Science","https://spacenews.com/mars-water-discovery","space,mars,nasa,exploration,water"
"Economic Growth Accelerates Driven by Tech Sector Boom","The global economy shows strong signs of acceleration with a 4.2% quarterly growth rate, primarily driven by unprecedented expansion in the technology sector. Major tech companies have reported record profits, while emerging markets show increased demand for digital services and infrastructure. Financial analyst Robert Williams predicts this trend will continue through 2024, driven by artificial intelligence adoption, cloud computing growth, and increased digitalization across industries. However, experts warn that this rapid growth must be balanced with sustainable practices and inclusive economic policies.","Lisa Anderson","2024-03-18T16:10:00","Business","https://econwatch.com/q1-growth-report","economy,technology,growth,finance"
"Educational Revolution: Virtual Reality Transforms Learning","Schools across 50 countries are implementing virtual reality technology in classrooms, creating immersive learning experiences that transport students to historical events, inside molecular structures, and to distant planets. The EdTech revolution is showing remarkable results, with student engagement increasing by 85% and knowledge retention improving by 60% according to a comprehensive study by the Global Education Research Institute. Teacher Maria Gonzalez from Barcelona reported that her students now 'live' history lessons rather than just reading about them, fundamentally changing how education is delivered and experienced.","Jennifer Martinez","2024-03-19T08:55:00","Education","https://edutech.org/vr-learning-revolution","education,technology,vr,learning,innovation"
"Breakthrough in Renewable Energy Storage Announced","Scientists at the Energy Innovation Laboratory have developed a revolutionary battery technology that can store renewable energy for up to 100 hours with 95% efficiency. This breakthrough addresses one of the biggest challenges in renewable energy adoption - the intermittency of solar and wind power. The new lithium-sulfur battery system is 70% cheaper to produce than current technologies and uses abundant materials, making large-scale renewable energy storage economically viable. Energy Minister David Kim announced plans to begin commercial production within 18 months.","Dr. Rachel Green","2024-03-20T13:40:00","Energy","https://renewabletech.com/storage-breakthrough","renewable energy,battery,technology,sustainability"
"Social Media Platform Launches Mental Health Initiative","Leading social media platform ConnectWorld has announced a comprehensive mental health initiative, including AI-powered content moderation to reduce harmful content, built-in meditation features, and partnerships with mental health organizations. The initiative comes in response to growing concerns about social media's impact on user wellbeing, particularly among teenagers. Platform CEO Alex Johnson stated that user mental health is now a core business priority, with $500 million allocated to develop and implement these features over the next two years.","Mark Stevens","2024-03-21T10:25:00","Health","https://digitalnews.com/social-media-mental-health","social media,mental health,technology,wellbeing"
"Archaeological Discovery Rewrites Ancient History","Archaeologists working in Egypt have uncovered a previously unknown ancient city that appears to predate the pyramids by over 1,000 years. The discovery includes advanced urban planning, sophisticated irrigation systems, and artifacts suggesting international trade networks existed much earlier than previously believed. Professor Catherine Adams, lead archaeologist, described the find as 'game-changing for our understanding of early civilization.' The city shows evidence of advanced metallurgy, astronomy, and mathematical knowledge that challenges existing timelines of human technological development.","Dr. Hassan Mohamed","2024-03-22T15:15:00","History","https://archaeology.com/egypt-ancient-city","archaeology,history,egypt,discovery,civilization"
"Quantum Computing Milestone: Error-Free Operations Achieved","Researchers at Quantum Technologies Inc. have achieved a major milestone by demonstrating error-free quantum computing operations for extended periods, bringing practical quantum computers closer to reality. The breakthrough overcomes quantum decoherence, the main obstacle to stable quantum computing. This advancement could revolutionize fields including cryptography, drug discovery, financial modeling, and climate prediction. Chief Technology Officer Dr. Susan Liu explained that this achievement represents 15 years of research and brings quantum computing from the laboratory to practical applications within the next 5 years.","Dr. Kevin Zhang","2024-03-23T12:30:00","Technology","https://quantumnews.com/error-free-computing","quantum computing,technology,breakthrough,science"
"Ocean Cleanup Project Removes 50 Million Pounds of Plastic","The Ocean Restoration Initiative has successfully removed over 50 million pounds of plastic waste from the Pacific Ocean using innovative cleanup technology. The project employs solar-powered collection systems and specialized ships that can process plastic waste directly at sea. Environmental engineer Maria Santos reported that the project has created a plastic-free zone covering 10,000 square miles. The collected plastic is being recycled into construction materials and consumer products, creating a circular economy model that other environmental projects are now adopting worldwide.","Captain James Wilson","2024-03-24T09:45:00","Environment","https://oceancleanup.org/milestone-achievement","environment,ocean,plastic,cleanup,sustainability"
